0,2017/12/18
1,2017/12/19
2,2017/12/20
3,2017/12/21
4,2017/12/22
5,2017/12/23
6,2017/12/24
7,2017/12/25
8,2017/12/26
9,2017/12/27
10,2017/12/28
11,2017/12/29
12,2017/12/30
13,2017/12/31
14,2018/1/1
15,2018/1/2
16,2018/1/3
17,2018/1/4
18,2018/1/5
19,2018/1/6
20,2018/1/7
21,2018/1/8
22,2018/1/9
23,2018/1/10
24,2018/1/11
25,2018/1/12
26,2018/1/13
27,2018/1/14
28,2018/1/15
29,2018/1/16
30,2018/1/17
31,2018/1/18
32,2018/1/19
33,2018/1/20
34,2018/1/21
35,2018/1/22
36,2018/1/23
37,2018/1/24
38,2018/1/25
39,2018/1/26
40,2018/1/27
41,2018/1/28
42,2018/1/29
43,2018/1/30
44,2018/1/31
45,2018/2/1
46,2018/2/2
47,2018/2/3
48,2018/2/4
49,2018/2/5
50,2018/2/6
51,2018/2/7
52,2018/2/8
53,2018/2/9
54,2018/2/10
55,2018/2/11
56,2018/2/12
57,2018/2/13
58,2018/2/14
59,2018/2/15
60,2018/2/16
61,2018/2/17
62,2018/2/18
63,2018/2/19
64,2018/2/20
65,2018/2/21
66,2018/2/22
67,2018/2/23
68,2018/2/24
69,2018/2/25
70,2018/2/26
71,2018/2/27
72,2018/2/28
73,2018/3/1
74,2018/3/2
75,2018/3/3
76,2018/3/4
77,2018/3/5
78,2018/3/6
79,2018/3/7
80,2018/3/8
81,2018/3/9
82,2018/3/10
83,2018/3/11
84,2018/3/12
85,2018/3/13
86,2018/3/14
87,2018/3/15
88,2018/3/16
89,2018/3/17
90,2018/3/18
91,2018/3/19
92,2018/3/20
93,2018/3/21
94,2018/3/22
95,2018/3/23
96,2018/3/24
97,2018/3/25
98,2018/3/26
99,2018/3/27
